{
  "images" : [
    {
      "idiom" : "universal",
      "filename" : "a3e44d9cab84fbce0022d2b3390f51be_2014-clipartpanda-com-about-halloween-black-owl-clipart_766-776.png",
      "scale" : "1x"
    },
    {
      "idiom" : "universal",
      "filename" : "a3e44d9cab84fbce0022d2b3390f51be_2014-clipartpanda-com-about-halloween-black-owl-clipart_766-777.png",
      "scale" : "2x"
    },
    {
      "idiom" : "universal",
      "filename" : "a3e44d9cab84fbce0022d2b3390f51be_2014-clipartpanda-com-about-halloween-black-owl-clipart_766-778.png",
      "scale" : "3x"
    }
  ],
  "info" : {
    "version" : 1,
    "author" : "xcode"
  }
}